month,chance_fall200gdds
nov,0.22580645161290322
oct,0.8709677419354839
