month,chance_halfin
15oct-30nov,0.967741935483871
1nov-30nov,0.8387096774193549
